Code Domaine,Domaine,Code zone,Zone,Code Élément,Élément,Code Produit,Produit,Code année,Année,Unité,Valeur,Symbole,Description du Symbole,Note
"MK","Indicateurs macro","2","Afghanistan","6119","Valeur (US $)","22014","Produit intérieur brut par habitant","2017","2017","","618.98999","Fc","Donnée calculée",""
"MK","Indicateurs macro","202","Afrique du Sud","6119","Valeur (US $)","22014","Produit intérieur brut par habitant","2017","2017","","6151.086799","Fc","Donnée calculée",""
"MK","Indicateurs macro","3","Albanie","6119","Valeur (US $)","22014","Produit intérieur brut par habitant","2017","2017","","4450.008107","Fc","Donnée calculée",""
"MK","Indicateurs macro","4","Algérie","6119","Valeur (US $)","22014","Produit intérieur brut par habitant","2017","2017","","4055.24658","Fc","Donnée calculée",""
"MK","Indicateurs macro","79","Allemagne","6119","Valeur (US $)","22014","Produit intérieur brut par habitant","2017","2017","","44976.426157","Fc","Donnée calculée",""
"MK","Indicateurs macro","6","Andorre","6119","Valeur (US $)","22014","Produit intérieur brut par habitant","2017","2017","","39152.812074","Fc","Donnée calculée",""
"MK","Indicateurs macro","7","Angola","6119","Valeur (US $)","22014","Produit intérieur brut par habitant","2017","2017","","4247.411049","Fc","Donnée calculée",""
"MK","Indicateurs macro","258","Anguilla","6119","Valeur (US $)","22014","Produit intérieur brut par habitant","2017","2017","","18860.693789","Fc","Donnée calculée",""
"MK","Indicateurs macro","8","Antigua-et-Barbuda","6119","Valeur (US $)","22014","Produit intérieur brut par habitant","2017","2017","","14803.010927","Fc","Donnée calculée",""
"MK","Indicateurs macro","194","Arabie saoudite","6119","Valeur (US $)","22014","Produit intérieur brut par habitant","2017","2017","","20760.906012","Fc","Donnée calculée",""
"MK","Indicateurs macro","9","Argentine","6119","Valeur (US $)","22014","Produit intérieur brut par habitant","2017","2017","","14399.621069","Fc","Donnée calculée",""
"MK","Indicateurs macro","1","Arménie","6119","Valeur (US $)","22014","Produit intérieur brut par habitant","2017","2017","","3936.798582","Fc","Donnée calculée",""
"MK","Indicateurs macro","22","Aruba","6119","Valeur (US $)","22014","Produit intérieur brut par habitant","2017","2017","","25655.102022","Fc","Donnée calculée",""
"MK","Indicateurs macro","10","Australie","6119","Valeur (US $)","22014","Produit intérieur brut par habitant","2017","2017","","57613.226228","Fc","Donnée calculée",""
"MK","Indicateurs macro","11","Autriche","6119","Valeur (US $)","22014","Produit intérieur brut par habitant","2017","2017","","47717.728647","Fc","Donnée calculée",""
"MK","Indicateurs macro","52","Azerbaïdjan","6119","Valeur (US $)","22014","Produit intérieur brut par habitant","2017","2017","","4146.374282","Fc","Donnée calculée",""
"MK","Indicateurs macro","12","Bahamas","6119","Valeur (US $)","22014","Produit intérieur brut par habitant","2017","2017","","29824.66915","Fc","Donnée calculée",""
"MK","Indicateurs macro","13","Bahreïn","6119","Valeur (US $)","22014","Produit intérieur brut par habitant","2017","2017","","23667.619293","Fc","Donnée calculée",""
"MK","Indicateurs macro","16","Bangladesh","6119","Valeur (US $)","22014","Produit intérieur brut par habitant","2017","2017","","1491.67341","Fc","Donnée calculée",""
"MK","Indicateurs macro","14","Barbade","6119","Valeur (US $)","22014","Produit intérieur brut par habitant","2017","2017","","16494.171852","Fc","Donnée calculée",""
"MK","Indicateurs macro","57","Bélarus","6119","Valeur (US $)","22014","Produit intérieur brut par habitant","2017","2017","","5749.814704","Fc","Donnée calculée",""
"MK","Indicateurs macro","255","Belgique","6119","Valeur (US $)","22014","Produit intérieur brut par habitant","2017","2017","","43288.914762","Fc","Donnée calculée",""
"MK","Indicateurs macro","23","Belize","6119","Valeur (US $)","22014","Produit intérieur brut par habitant","2017","2017","","5076.988841","Fc","Donnée calculée",""
"MK","Indicateurs macro","53","Bénin","6119","Valeur (US $)","22014","Produit intérieur brut par habitant","2017","2017","","826.475967","Fc","Donnée calculée",""
"MK","Indicateurs macro","17","Bermudes","6119","Valeur (US $)","22014","Produit intérieur brut par habitant","2017","2017","","102192.114688","Fc","Donnée calculée",""
"MK","Indicateurs macro","18","Bhoutan","6119","Valeur (US $)","22014","Produit intérieur brut par habitant","2017","2017","","3172.833013","Fc","Donnée calculée",""
"MK","Indicateurs macro","19","Bolivie (État plurinational de)","6119","Valeur (US $)","22014","Produit intérieur brut par habitant","2017","2017","","3393.955822","Fc","Donnée calculée",""
"MK","Indicateurs macro","80","Bosnie-Herzégovine","6119","Valeur (US $)","22014","Produit intérieur brut par habitant","2017","2017","","5180.777827","Fc","Donnée calculée",""
"MK","Indicateurs macro","20","Botswana","6119","Valeur (US $)","22014","Produit intérieur brut par habitant","2017","2017","","7595.595817","Fc","Donnée calculée",""
"MK","Indicateurs macro","21","Brésil","6119","Valeur (US $)","22014","Produit intérieur brut par habitant","2017","2017","","9821.439776","Fc","Donnée calculée",""
"MK","Indicateurs macro","26","Brunéi Darussalam","6119","Valeur (US $)","22014","Produit intérieur brut par habitant","2017","2017","","28290.766219","Fc","Donnée calculée",""
"MK","Indicateurs macro","27","Bulgarie","6119","Valeur (US $)","22014","Produit intérieur brut par habitant","2017","2017","","8218.195576","Fc","Donnée calculée",""
"MK","Indicateurs macro","233","Burkina Faso","6119","Valeur (US $)","22014","Produit intérieur brut par habitant","2017","2017","","642.138599","Fc","Donnée calculée",""
"MK","Indicateurs macro","29","Burundi","6119","Valeur (US $)","22014","Produit intérieur brut par habitant","2017","2017","","290.444154","Fc","Donnée calculée",""
"MK","Indicateurs macro","35","Cabo Verde","6119","Valeur (US $)","22014","Produit intérieur brut par habitant","2017","2017","","3244.671167","Fc","Donnée calculée",""
"MK","Indicateurs macro","115","Cambodge","6119","Valeur (US $)","22014","Produit intérieur brut par habitant","2017","2017","","1382.121381","Fc","Donnée calculée",""
"MK","Indicateurs macro","32","Cameroun","6119","Valeur (US $)","22014","Produit intérieur brut par habitant","2017","2017","","1451.917632","Fc","Donnée calculée",""
"MK","Indicateurs macro","33","Canada","6119","Valeur (US $)","22014","Produit intérieur brut par habitant","2017","2017","","44973.548101","Fc","Donnée calculée",""
"MK","Indicateurs macro","40","Chili","6119","Valeur (US $)","22014","Produit intérieur brut par habitant","2017","2017","","15346.727899","Fc","Donnée calculée",""
"MK","Indicateurs macro","96","Chine - RAS de Hong-Kong","6119","Valeur (US $)","22014","Produit intérieur brut par habitant","2017","2017","","46390.334337","Fc","Donnée calculée",""
"MK","Indicateurs macro","128","Chine - RAS de Macao","6119","Valeur (US $)","22014","Produit intérieur brut par habitant","2017","2017","","80892.811251","Fc","Donnée calculée",""
"MK","Indicateurs macro","41","Chine, continentale","6119","Valeur (US $)","22014","Produit intérieur brut par habitant","2017","2017","","8682.249561","Fc","Donnée calculée",""
"MK","Indicateurs macro","50","Chypre","6119","Valeur (US $)","22014","Produit intérieur brut par habitant","2017","2017","","25789.84975","Fc","Donnée calculée",""
"MK","Indicateurs macro","44","Colombie","6119","Valeur (US $)","22014","Produit intérieur brut par habitant","2017","2017","","6301.589873","Fc","Donnée calculée",""
"MK","Indicateurs macro","45","Comores","6119","Valeur (US $)","22014","Produit intérieur brut par habitant","2017","2017","","1329.917527","Fc","Donnée calculée",""
"MK","Indicateurs macro","46","Congo","6119","Valeur (US $)","22014","Produit intérieur brut par habitant","2017","2017","","2146.531372","Fc","Donnée calculée",""
"MK","Indicateurs macro","48","Costa Rica","6119","Valeur (US $)","22014","Produit intérieur brut par habitant","2017","2017","","11734.100254","Fc","Donnée calculée",""
"MK","Indicateurs macro","107","Côte d'Ivoire","6119","Valeur (US $)","22014","Produit intérieur brut par habitant","2017","2017","","1566.383577","Fc","Donnée calculée",""
"MK","Indicateurs macro","98","Croatie","6119","Valeur (US $)","22014","Produit intérieur brut par habitant","2017","2017","","13176.533875","Fc","Donnée calculée",""
"MK","Indicateurs macro","49","Cuba","6119","Valeur (US $)","22014","Produit intérieur brut par habitant","2017","2017","","8433.092699","Fc","Donnée calculée",""
"MK","Indicateurs macro","54","Danemark","6119","Valeur (US $)","22014","Produit intérieur brut par habitant","2017","2017","","57532.502489","Fc","Donnée calculée",""
"MK","Indicateurs macro","72","Djibouti","6119","Valeur (US $)","22014","Produit intérieur brut par habitant","2017","2017","","1927.592407","Fc","Donnée calculée",""
"MK","Indicateurs macro","55","Dominique","6119","Valeur (US $)","22014","Produit intérieur brut par habitant","2017","2017","","6719.337306","Fc","Donnée calculée",""
"MK","Indicateurs macro","59","Égypte","6119","Valeur (US $)","22014","Produit intérieur brut par habitant","2017","2017","","2000.299552","Fc","Donnée calculée",""
"MK","Indicateurs macro","60","El Salvador","6119","Valeur (US $)","22014","Produit intérieur brut par habitant","2017","2017","","3889.308775","Fc","Donnée calculée",""
"MK","Indicateurs macro","225","Émirats arabes unis","6119","Valeur (US $)","22014","Produit intérieur brut par habitant","2017","2017","","40698.844531","Fc","Donnée calculée",""
"MK","Indicateurs macro","58","Équateur","6119","Valeur (US $)","22014","Produit intérieur brut par habitant","2017","2017","","6273.488892","Fc","Donnée calculée",""
"MK","Indicateurs macro","178","Érythrée","6119","Valeur (US $)","22014","Produit intérieur brut par habitant","2017","2017","","1146.745076","Fc","Donnée calculée",""
"MK","Indicateurs macro","203","Espagne","6119","Valeur (US $)","22014","Produit intérieur brut par habitant","2017","2017","","28353.64937","Fc","Donnée calculée",""
"MK","Indicateurs macro","63","Estonie","6119","Valeur (US $)","22014","Produit intérieur brut par habitant","2017","2017","","19792.643744","Fc","Donnée calculée",""
"MK","Indicateurs macro","209","Eswatini","6119","Valeur (US $)","22014","Produit intérieur brut par habitant","2017","2017","","3224.407617","Fc","Donnée calculée",""
"MK","Indicateurs macro","231","États-Unis d'Amérique","6119","Valeur (US $)","22014","Produit intérieur brut par habitant","2017","2017","","60054.941286","Fc","Donnée calculée",""
"MK","Indicateurs macro","238","Éthiopie","6119","Valeur (US $)","22014","Produit intérieur brut par habitant","2017","2017","","720.339679","Fc","Donnée calculée",""
"MK","Indicateurs macro","185","Fédération de Russie","6119","Valeur (US $)","22014","Produit intérieur brut par habitant","2017","2017","","10955.810259","Fc","Donnée calculée",""
"MK","Indicateurs macro","66","Fidji","6119","Valeur (US $)","22014","Produit intérieur brut par habitant","2017","2017","","5382.298932","Fc","Donnée calculée",""
"MK","Indicateurs macro","67","Finlande","6119","Valeur (US $)","22014","Produit intérieur brut par habitant","2017","2017","","45670.119522","Fc","Donnée calculée",""
"MK","Indicateurs macro","68","France","6119","Valeur (US $)","22014","Produit intérieur brut par habitant","2017","2017","","38414.881845","Fc","Donnée calculée",""
"MK","Indicateurs macro","74","Gabon","6119","Valeur (US $)","22014","Produit intérieur brut par habitant","2017","2017","","7220.932137","Fc","Donnée calculée",""
"MK","Indicateurs macro","75","Gambie","6119","Valeur (US $)","22014","Produit intérieur brut par habitant","2017","2017","","709.076745","Fc","Donnée calculée",""
"MK","Indicateurs macro","73","Géorgie","6119","Valeur (US $)","22014","Produit intérieur brut par habitant","2017","2017","","3874.947125","Fc","Donnée calculée",""
"MK","Indicateurs macro","81","Ghana","6119","Valeur (US $)","22014","Produit intérieur brut par habitant","2017","2017","","2046.09431","Fc","Donnée calculée",""
"MK","Indicateurs macro","84","Grèce","6119","Valeur (US $)","22014","Produit intérieur brut par habitant","2017","2017","","18198.000213","Fc","Donnée calculée",""
"MK","Indicateurs macro","86","Grenade","6119","Valeur (US $)","22014","Produit intérieur brut par habitant","2017","2017","","10451.029796","Fc","Donnée calculée",""
"MK","Indicateurs macro","85","Groenland","6119","Valeur (US $)","22014","Produit intérieur brut par habitant","2017","2017","","49398.438915","Fc","Donnée calculée",""
"MK","Indicateurs macro","89","Guatemala","6119","Valeur (US $)","22014","Produit intérieur brut par habitant","2017","2017","","4470.961587","Fc","Donnée calculée",""
"MK","Indicateurs macro","90","Guinée","6119","Valeur (US $)","22014","Produit intérieur brut par habitant","2017","2017","","802.731962","Fc","Donnée calculée",""
"MK","Indicateurs macro","61","Guinée équatoriale","6119","Valeur (US $)","22014","Produit intérieur brut par habitant","2017","2017","","9850.347664","Fc","Donnée calculée",""
"MK","Indicateurs macro","175","Guinée-Bissau","6119","Valeur (US $)","22014","Produit intérieur brut par habitant","2017","2017","","723.633954","Fc","Donnée calculée",""
"MK","Indicateurs macro","91","Guyana","6119","Valeur (US $)","22014","Produit intérieur brut par habitant","2017","2017","","4555.068423","Fc","Donnée calculée",""
"MK","Indicateurs macro","93","Haïti","6119","Valeur (US $)","22014","Produit intérieur brut par habitant","2017","2017","","775.972532","Fc","Donnée calculée",""
"MK","Indicateurs macro","95","Honduras","6119","Valeur (US $)","22014","Produit intérieur brut par habitant","2017","2017","","2480.127469","Fc","Donnée calculée",""
"MK","Indicateurs macro","97","Hongrie","6119","Valeur (US $)","22014","Produit intérieur brut par habitant","2017","2017","","14376.412065","Fc","Donnée calculée",""
"MK","Indicateurs macro","36","Îles Caïmanes","6119","Valeur (US $)","22014","Produit intérieur brut par habitant","2017","2017","","65472.389448","Fc","Donnée calculée",""
"MK","Indicateurs macro","47","Îles Cook","6119","Valeur (US $)","22014","Produit intérieur brut par habitant","2017","2017","","17797.628186","Fc","Donnée calculée",""
"MK","Indicateurs macro","127","Îles Marshall","6119","Valeur (US $)","22014","Produit intérieur brut par habitant","2017","2017","","3753.256292","Fc","Donnée calculée",""
"MK","Indicateurs macro","25","Îles Salomon","6119","Valeur (US $)","22014","Produit intérieur brut par habitant","2017","2017","","1982.28432","Fc","Donnée calculée",""
"MK","Indicateurs macro","224","Îles Turques et Caïques","6119","Valeur (US $)","22014","Produit intérieur brut par habitant","2017","2017","","28689.132765","Fc","Donnée calculée",""
"MK","Indicateurs macro","239","Îles Vierges britanniques","6119","Valeur (US $)","22014","Produit intérieur brut par habitant","2017","2017","","31916.8169","Fc","Donnée calculée",""
"MK","Indicateurs macro","100","Inde","6119","Valeur (US $)","22014","Produit intérieur brut par habitant","2017","2017","","1923.316034","Fc","Donnée calculée",""
"MK","Indicateurs macro","101","Indonésie","6119","Valeur (US $)","22014","Produit intérieur brut par habitant","2017","2017","","3846.864333","Fc","Donnée calculée",""
"MK","Indicateurs macro","102","Iran (République islamique d')","6119","Valeur (US $)","22014","Produit intérieur brut par habitant","2017","2017","","5679.648509","Fc","Donnée calculée",""
"MK","Indicateurs macro","103","Iraq","6119","Valeur (US $)","22014","Produit intérieur brut par habitant","2017","2017","","4755.724473","Fc","Donnée calculée",""
"MK","Indicateurs macro","104","Irlande","6119","Valeur (US $)","22014","Produit intérieur brut par habitant","2017","2017","","69603.924409","Fc","Donnée calculée",""
"MK","Indicateurs macro","99","Islande","6119","Valeur (US $)","22014","Produit intérieur brut par habitant","2017","2017","","73060.185183","Fc","Donnée calculée",""
"MK","Indicateurs macro","105","Israël","6119","Valeur (US $)","22014","Produit intérieur brut par habitant","2017","2017","","42452.135031","Fc","Donnée calculée",""
"MK","Indicateurs macro","106","Italie","6119","Valeur (US $)","22014","Produit intérieur brut par habitant","2017","2017","","32746.608001","Fc","Donnée calculée",""
"MK","Indicateurs macro","109","Jamaïque","6119","Valeur (US $)","22014","Produit intérieur brut par habitant","2017","2017","","5129.845281","Fc","Donnée calculée",""
"MK","Indicateurs macro","110","Japon","6119","Valeur (US $)","22014","Produit intérieur brut par habitant","2017","2017","","38219.681728","Fc","Donnée calculée",""
"MK","Indicateurs macro","112","Jordanie","6119","Valeur (US $)","22014","Produit intérieur brut par habitant","2017","2017","","4195.729706","Fc","Donnée calculée",""
"MK","Indicateurs macro","108","Kazakhstan","6119","Valeur (US $)","22014","Produit intérieur brut par habitant","2017","2017","","8756.45714","Fc","Donnée calculée",""
"MK","Indicateurs macro","114","Kenya","6119","Valeur (US $)","22014","Produit intérieur brut par habitant","2017","2017","","1507.814626","Fc","Donnée calculée",""
"MK","Indicateurs macro","113","Kirghizistan","6119","Valeur (US $)","22014","Produit intérieur brut par habitant","2017","2017","","1251.380638","Fc","Donnée calculée",""
"MK","Indicateurs macro","83","Kiribati","6119","Valeur (US $)","22014","Produit intérieur brut par habitant","2017","2017","","1694.286106","Fc","Donnée calculée",""
"MK","Indicateurs macro","275","Kosovo","6119","Valeur (US $)","22014","Produit intérieur brut par habitant","2017","2017","","4116.326024","Fc","Donnée calculée",""
"MK","Indicateurs macro","118","Koweït","6119","Valeur (US $)","22014","Produit intérieur brut par habitant","2017","2017","","28897.186517","Fc","Donnée calculée",""
"MK","Indicateurs macro","122","Lesotho","6119","Valeur (US $)","22014","Produit intérieur brut par habitant","2017","2017","","1178.311754","Fc","Donnée calculée",""
"MK","Indicateurs macro","119","Lettonie","6119","Valeur (US $)","22014","Produit intérieur brut par habitant","2017","2017","","15624.850572","Fc","Donnée calculée",""
"MK","Indicateurs macro","121","Liban","6119","Valeur (US $)","22014","Produit intérieur brut par habitant","2017","2017","","8778.471832","Fc","Donnée calculée",""
"MK","Indicateurs macro","123","Libéria","6119","Valeur (US $)","22014","Produit intérieur brut par habitant","2017","2017","","583.830053","Fc","Donnée calculée",""
"MK","Indicateurs macro","124","Libye","6119","Valeur (US $)","22014","Produit intérieur brut par habitant","2017","2017","","3941.773821","Fc","Donnée calculée",""
"MK","Indicateurs macro","125","Liechtenstein","6119","Valeur (US $)","22014","Produit intérieur brut par habitant","2017","2017","","166021.702917","Fc","Donnée calculée",""
"MK","Indicateurs macro","126","Lituanie","6119","Valeur (US $)","22014","Produit intérieur brut par habitant","2017","2017","","16449.679586","Fc","Donnée calculée",""
"MK","Indicateurs macro","256","Luxembourg","6119","Valeur (US $)","22014","Produit intérieur brut par habitant","2017","2017","","106805.768781","Fc","Donnée calculée",""
"MK","Indicateurs macro","154","Macédoine du Nord","6119","Valeur (US $)","22014","Produit intérieur brut par habitant","2017","2017","","5414.618796","Fc","Donnée calculée",""
"MK","Indicateurs macro","129","Madagascar","6119","Valeur (US $)","22014","Produit intérieur brut par habitant","2017","2017","","516.540042","Fc","Donnée calculée",""
"MK","Indicateurs macro","131","Malaisie","6119","Valeur (US $)","22014","Produit intérieur brut par habitant","2017","2017","","9951.449559","Fc","Donnée calculée",""
"MK","Indicateurs macro","130","Malawi","6119","Valeur (US $)","22014","Produit intérieur brut par habitant","2017","2017","","340.417089","Fc","Donnée calculée",""
"MK","Indicateurs macro","132","Maldives","6119","Valeur (US $)","22014","Produit intérieur brut par habitant","2017","2017","","11151.092028","Fc","Donnée calculée",""
"MK","Indicateurs macro","133","Mali","6119","Valeur (US $)","22014","Produit intérieur brut par habitant","2017","2017","","821.693529","Fc","Donnée calculée",""
"MK","Indicateurs macro","134","Malte","6119","Valeur (US $)","22014","Produit intérieur brut par habitant","2017","2017","","29136.967918","Fc","Donnée calculée",""
"MK","Indicateurs macro","143","Maroc","6119","Valeur (US $)","22014","Produit intérieur brut par habitant","2017","2017","","3069.671013","Fc","Donnée calculée",""
"MK","Indicateurs macro","137","Maurice","6119","Valeur (US $)","22014","Produit intérieur brut par habitant","2017","2017","","10564.912597","Fc","Donnée calculée",""
"MK","Indicateurs macro","136","Mauritanie","6119","Valeur (US $)","22014","Produit intérieur brut par habitant","2017","2017","","1129.389152","Fc","Donnée calculée",""
"MK","Indicateurs macro","138","Mexique","6119","Valeur (US $)","22014","Produit intérieur brut par habitant","2017","2017","","8967.170167","Fc","Donnée calculée",""
"MK","Indicateurs macro","145","Micronésie (États fédérés de)","6119","Valeur (US $)","22014","Produit intérieur brut par habitant","2017","2017","","3187.557161","Fc","Donnée calculée",""
"MK","Indicateurs macro","140","Monaco","6119","Valeur (US $)","22014","Produit intérieur brut par habitant","2017","2017","","165420.989472","Fc","Donnée calculée",""
"MK","Indicateurs macro","141","Mongolie","6119","Valeur (US $)","22014","Produit intérieur brut par habitant","2017","2017","","3620.391806","Fc","Donnée calculée",""
"MK","Indicateurs macro","273","Monténégro","6119","Valeur (US $)","22014","Produit intérieur brut par habitant","2017","2017","","7702.566373","Fc","Donnée calculée",""
"MK","Indicateurs macro","142","Montserrat","6119","Valeur (US $)","22014","Produit intérieur brut par habitant","2017","2017","","11581.854213","Fc","Donnée calculée",""
"MK","Indicateurs macro","144","Mozambique","6119","Valeur (US $)","22014","Produit intérieur brut par habitant","2017","2017","","426.438077","Fc","Donnée calculée",""
"MK","Indicateurs macro","28","Myanmar","6119","Valeur (US $)","22014","Produit intérieur brut par habitant","2017","2017","","1257.281029","Fc","Donnée calculée",""
"MK","Indicateurs macro","147","Namibie","6119","Valeur (US $)","22014","Produit intérieur brut par habitant","2017","2017","","5227.179824","Fc","Donnée calculée",""
"MK","Indicateurs macro","148","Nauru","6119","Valeur (US $)","22014","Produit intérieur brut par habitant","2017","2017","","10045.377371","Fc","Donnée calculée",""
"MK","Indicateurs macro","149","Népal","6119","Valeur (US $)","22014","Produit intérieur brut par habitant","2017","2017","","848.668341","Fc","Donnée calculée",""
"MK","Indicateurs macro","157","Nicaragua","6119","Valeur (US $)","22014","Produit intérieur brut par habitant","2017","2017","","2221.781208","Fc","Donnée calculée",""
"MK","Indicateurs macro","158","Niger","6119","Valeur (US $)","22014","Produit intérieur brut par habitant","2017","2017","","378.072121","Fc","Donnée calculée",""
"MK","Indicateurs macro","159","Nigéria","6119","Valeur (US $)","22014","Produit intérieur brut par habitant","2017","2017","","1968.552472","Fc","Donnée calculée",""
"MK","Indicateurs macro","162","Norvège","6119","Valeur (US $)","22014","Produit intérieur brut par habitant","2017","2017","","75295.256424","Fc","Donnée calculée",""
"MK","Indicateurs macro","153","Nouvelle-Calédonie","6119","Valeur (US $)","22014","Produit intérieur brut par habitant","2017","2017","","35815.485715","Fc","Donnée calculée",""
"MK","Indicateurs macro","156","Nouvelle-Zélande","6119","Valeur (US $)","22014","Produit intérieur brut par habitant","2017","2017","","42934.984819","Fc","Donnée calculée",""
"MK","Indicateurs macro","221","Oman","6119","Valeur (US $)","22014","Produit intérieur brut par habitant","2017","2017","","15267.420756","Fc","Donnée calculée",""
"MK","Indicateurs macro","226","Ouganda","6119","Valeur (US $)","22014","Produit intérieur brut par habitant","2017","2017","","646.217765","Fc","Donnée calculée",""
"MK","Indicateurs macro","235","Ouzbékistan","6119","Valeur (US $)","22014","Produit intérieur brut par habitant","2017","2017","","1556.759169","Fc","Donnée calculée",""
"MK","Indicateurs macro","165","Pakistan","6119","Valeur (US $)","22014","Produit intérieur brut par habitant","2017","2017","","1533.578723","Fc","Donnée calculée",""
"MK","Indicateurs macro","180","Palaos","6119","Valeur (US $)","22014","Produit intérieur brut par habitant","2017","2017","","13417.276451","Fc","Donnée calculée",""
"MK","Indicateurs macro","299","Palestine","6119","Valeur (US $)","22014","Produit intérieur brut par habitant","2017","2017","","2946.334726","Fc","Donnée calculée",""
"MK","Indicateurs macro","166","Panama","6119","Valeur (US $)","22014","Produit intérieur brut par habitant","2017","2017","","15087.681642","Fc","Donnée calculée",""
"MK","Indicateurs macro","168","Papouasie-Nouvelle-Guinée","6119","Valeur (US $)","22014","Produit intérieur brut par habitant","2017","2017","","2666.997412","Fc","Donnée calculée",""
"MK","Indicateurs macro","169","Paraguay","6119","Valeur (US $)","22014","Produit intérieur brut par habitant","2017","2017","","4321.507205","Fc","Donnée calculée",""
"MK","Indicateurs macro","150","Pays-Bas","6119","Valeur (US $)","22014","Produit intérieur brut par habitant","2017","2017","","48754.146608","Fc","Donnée calculée",""
"MK","Indicateurs macro","170","Pérou","6119","Valeur (US $)","22014","Produit intérieur brut par habitant","2017","2017","","6572.354968","Fc","Donnée calculée",""
"MK","Indicateurs macro","171","Philippines","6119","Valeur (US $)","22014","Produit intérieur brut par habitant","2017","2017","","2988.95153","Fc","Donnée calculée",""
"MK","Indicateurs macro","173","Pologne","6119","Valeur (US $)","22014","Produit intérieur brut par habitant","2017","2017","","13785.748978","Fc","Donnée calculée",""
"MK","Indicateurs macro","70","Polynésie française","6119","Valeur (US $)","22014","Produit intérieur brut par habitant","2017","2017","","19806.96524","Fc","Donnée calculée",""
"MK","Indicateurs macro","177","Porto Rico","6119","Valeur (US $)","22014","Produit intérieur brut par habitant","2017","2017","","28450.688769","Fc","Donnée calculée",""
"MK","Indicateurs macro","174","Portugal","6119","Valeur (US $)","22014","Produit intérieur brut par habitant","2017","2017","","18881.948154","Fc","Donnée calculée",""
"MK","Indicateurs macro","179","Qatar","6119","Valeur (US $)","22014","Produit intérieur brut par habitant","2017","2017","","63505.881337","Fc","Donnée calculée",""
"MK","Indicateurs macro","212","République arabe syrienne","6119","Valeur (US $)","22014","Produit intérieur brut par habitant","2017","2017","","831.060401","Fc","Donnée calculée",""
"MK","Indicateurs macro","37","République centrafricaine","6119","Valeur (US $)","22014","Produit intérieur brut par habitant","2017","2017","","427.714079","Fc","Donnée calculée",""
"MK","Indicateurs macro","117","République de Corée","6119","Valeur (US $)","22014","Produit intérieur brut par habitant","2017","2017","","30025.195737","Fc","Donnée calculée",""
"MK","Indicateurs macro","146","République de Moldova","6119","Valeur (US $)","22014","Produit intérieur brut par habitant","2017","2017","","2006.431187","Fc","Donnée calculée",""
"MK","Indicateurs macro","250","République démocratique du Congo","6119","Valeur (US $)","22014","Produit intérieur brut par habitant","2017","2017","","462.779534","Fc","Donnée calculée",""
"MK","Indicateurs macro","120","République démocratique populaire lao","6119","Valeur (US $)","22014","Produit intérieur brut par habitant","2017","2017","","2457.379901","Fc","Donnée calculée",""
"MK","Indicateurs macro","56","République dominicaine","6119","Valeur (US $)","22014","Produit intérieur brut par habitant","2017","2017","","7052.265681","Fc","Donnée calculée",""
"MK","Indicateurs macro","116","République populaire démocratique de Corée","6119","Valeur (US $)","22014","Produit intérieur brut par habitant","2017","2017","","684.600808","Fc","Donnée calculée",""
"MK","Indicateurs macro","215","République-Unie de Tanzanie","6119","Valeur (US $)","22014","Produit intérieur brut par habitant","2017","2017","","933.195108","Fc","Donnée calculée",""
"MK","Indicateurs macro","183","Roumanie","6119","Valeur (US $)","22014","Produit intérieur brut par habitant","2017","2017","","10762.763558","Fc","Donnée calculée",""
"MK","Indicateurs macro","229","Royaume-Uni","6119","Valeur (US $)","22014","Produit intérieur brut par habitant","2017","2017","","39757.706166","Fc","Donnée calculée",""
"MK","Indicateurs macro","184","Rwanda","6119","Valeur (US $)","22014","Produit intérieur brut par habitant","2017","2017","","748.350053","Fc","Donnée calculée",""
"MK","Indicateurs macro","189","Sainte-Lucie","6119","Valeur (US $)","22014","Produit intérieur brut par habitant","2017","2017","","9606.965557","Fc","Donnée calculée",""
"MK","Indicateurs macro","188","Saint-Kitts-et-Nevis","6119","Valeur (US $)","22014","Produit intérieur brut par habitant","2017","2017","","16817.950278","Fc","Donnée calculée",""
"MK","Indicateurs macro","192","Saint-Marin","6119","Valeur (US $)","22014","Produit intérieur brut par habitant","2017","2017","","50587.629994","Fc","Donnée calculée",""
"MK","Indicateurs macro","191","Saint-Vincent-et-les Grenadines","6119","Valeur (US $)","22014","Produit intérieur brut par habitant","2017","2017","","7098.780643","Fc","Donnée calculée",""
"MK","Indicateurs macro","244","Samoa","6119","Valeur (US $)","22014","Produit intérieur brut par habitant","2017","2017","","4355.679937","Fc","Donnée calculée",""
"MK","Indicateurs macro","193","Sao Tomé-et-Principe","6119","Valeur (US $)","22014","Produit intérieur brut par habitant","2017","2017","","1921.281086","Fc","Donnée calculée",""
"MK","Indicateurs macro","195","Sénégal","6119","Valeur (US $)","22014","Produit intérieur brut par habitant","2017","2017","","1332.832364","Fc","Donnée calculée",""
"MK","Indicateurs macro","272","Serbie","6119","Valeur (US $)","22014","Produit intérieur brut par habitant","2017","2017","","5912.07572","Fc","Donnée calculée",""
"MK","Indicateurs macro","196","Seychelles","6119","Valeur (US $)","22014","Produit intérieur brut par habitant","2017","2017","","15692.735234","Fc","Donnée calculée",""
"MK","Indicateurs macro","197","Sierra Leone","6119","Valeur (US $)","22014","Produit intérieur brut par habitant","2017","2017","","494.835665","Fc","Donnée calculée",""
"MK","Indicateurs macro","200","Singapour","6119","Valeur (US $)","22014","Produit intérieur brut par habitant","2017","2017","","56736.770257","Fc","Donnée calculée",""
"MK","Indicateurs macro","199","Slovaquie","6119","Valeur (US $)","22014","Produit intérieur brut par habitant","2017","2017","","17552.056324","Fc","Donnée calculée",""
"MK","Indicateurs macro","198","Slovénie","6119","Valeur (US $)","22014","Produit intérieur brut par habitant","2017","2017","","23296.406703","Fc","Donnée calculée",""
"MK","Indicateurs macro","201","Somalie","6119","Valeur (US $)","22014","Produit intérieur brut par habitant","2017","2017","","104.139954","Fc","Donnée calculée",""
"MK","Indicateurs macro","276","Soudan","6119","Valeur (US $)","22014","Produit intérieur brut par habitant","2017","2017","","2967.083433","Fc","Donnée calculée",""
"MK","Indicateurs macro","277","Soudan du Sud","6119","Valeur (US $)","22014","Produit intérieur brut par habitant","2017","2017","","452.770292","Fc","Donnée calculée",""
"MK","Indicateurs macro","38","Sri Lanka","6119","Valeur (US $)","22014","Produit intérieur brut par habitant","2017","2017","","4184.365324","Fc","Donnée calculée",""
"MK","Indicateurs macro","210","Suède","6119","Valeur (US $)","22014","Produit intérieur brut par habitant","2017","2017","","54043.340174","Fc","Donnée calculée",""
"MK","Indicateurs macro","211","Suisse","6119","Valeur (US $)","22014","Produit intérieur brut par habitant","2017","2017","","80101.204101","Fc","Donnée calculée",""
"MK","Indicateurs macro","207","Suriname","6119","Valeur (US $)","22014","Produit intérieur brut par habitant","2017","2017","","6757.426214","Fc","Donnée calculée",""
"MK","Indicateurs macro","208","Tadjikistan","6119","Valeur (US $)","22014","Produit intérieur brut par habitant","2017","2017","","800.963061","Fc","Donnée calculée",""
"MK","Indicateurs macro","39","Tchad","6119","Valeur (US $)","22014","Produit intérieur brut par habitant","2017","2017","","719.25903","Fc","Donnée calculée",""
"MK","Indicateurs macro","167","Tchéquie (la)","6119","Valeur (US $)","22014","Produit intérieur brut par habitant","2017","2017","","20325.715788","Fc","Donnée calculée",""
"MK","Indicateurs macro","216","Thaïlande","6119","Valeur (US $)","22014","Produit intérieur brut par habitant","2017","2017","","6595.001976","Fc","Donnée calculée",""
"MK","Indicateurs macro","176","Timor-Leste","6119","Valeur (US $)","22014","Produit intérieur brut par habitant","2017","2017","","2279.253204","Fc","Donnée calculée",""
"MK","Indicateurs macro","217","Togo","6119","Valeur (US $)","22014","Produit intérieur brut par habitant","2017","2017","","613.758639","Fc","Donnée calculée",""
"MK","Indicateurs macro","219","Tonga","6119","Valeur (US $)","22014","Produit intérieur brut par habitant","2017","2017","","3949.822802","Fc","Donnée calculée",""
"MK","Indicateurs macro","220","Trinité-et-Tobago","6119","Valeur (US $)","22014","Produit intérieur brut par habitant","2017","2017","","16145.250758","Fc","Donnée calculée",""
"MK","Indicateurs macro","222","Tunisie","6119","Valeur (US $)","22014","Produit intérieur brut par habitant","2017","2017","","3474.538392","Fc","Donnée calculée",""
"MK","Indicateurs macro","213","Turkménistan","6119","Valeur (US $)","22014","Produit intérieur brut par habitant","2017","2017","","6584.696357","Fc","Donnée calculée",""
"MK","Indicateurs macro","223","Turquie","6119","Valeur (US $)","22014","Produit intérieur brut par habitant","2017","2017","","10546.057376","Fc","Donnée calculée",""
"MK","Indicateurs macro","227","Tuvalu","6119","Valeur (US $)","22014","Produit intérieur brut par habitant","2017","2017","","3923.561196","Fc","Donnée calculée",""
"MK","Indicateurs macro","230","Ukraine","6119","Valeur (US $)","22014","Produit intérieur brut par habitant","2017","2017","","2536.107749","Fc","Donnée calculée",""
"MK","Indicateurs macro","234","Uruguay","6119","Valeur (US $)","22014","Produit intérieur brut par habitant","2017","2017","","17120.184264","Fc","Donnée calculée",""
"MK","Indicateurs macro","155","Vanuatu","6119","Valeur (US $)","22014","Produit intérieur brut par habitant","2017","2017","","3128.39373","Fc","Donnée calculée",""
"MK","Indicateurs macro","236","Venezuela (République bolivarienne du)","6119","Valeur (US $)","22014","Produit intérieur brut par habitant","2017","2017","","7977.359154","Fc","Donnée calculée",""
"MK","Indicateurs macro","237","Viet Nam","6119","Valeur (US $)","22014","Produit intérieur brut par habitant","2017","2017","","2342.244006","Fc","Donnée calculée",""
"MK","Indicateurs macro","249","Yémen","6119","Valeur (US $)","22014","Produit intérieur brut par habitant","2017","2017","","989.605354","Fc","Donnée calculée",""
"MK","Indicateurs macro","251","Zambie","6119","Valeur (US $)","22014","Produit intérieur brut par habitant","2017","2017","","1513.276223","Fc","Donnée calculée",""
"MK","Indicateurs macro","181","Zimbabwe","6119","Valeur (US $)","22014","Produit intérieur brut par habitant","2017","2017","","1091.166245","Fc","Donnée calculée",""
